{"pure": {"best": [74.66666666666667, 83.0, 88.66666666666667, 103.66666666666667, 132.66666666666666, 154.33333333333334, 131.0, 160.33333333333334, 232.66666666666666, 395.0, 337.0, 462.0, 500.0, 500.0, 500.0, 500.0, 500.0, 500.0, 500.0, 500.0, 500.0, 500.0, 500.0, 500.0, 500.0, 500.0, 500.0, 500.0, 500.0, 500.0], "mean": [27.066666666666674, 34.14666666666667, 41.24666666666667, 43.65333333333333, 56.50666666666666, 59.16666666666667, 67.59333333333333, 81.06, 98.22, 128.65999999999997, 166.34666666666664, 192.45333333333332, 264.86, 290.5, 325.26, 336.74, 356.54666666666657, 364.76000000000005, 372.39333333333326, 363.7, 357.5666666666667, 385.00666666666666, 382.27333333333337, 396.43999999999994, 424.2200000000001, 439.1933333333334, 440.6466666666667, 443.5933333333334, 450.3466666666666, 462.0866666666666], "total_evals": 1500, "total_time": 33.141061305999756}, "hebbian": {"best": [100.0, 157.0, 210.33333333333334, 119.0, 106.0, 141.66666666666666, 180.0, 349.0, 297.3333333333333, 444.3333333333333, 442.6666666666667, 433.3333333333333, 466.6666666666667, 500.0, 500.0, 500.0, 500.0, 500.0, 500.0, 500.0, 500.0, 500.0, 500.0, 500.0, 500.0, 500.0, 500.0, 500.0, 500.0, 500.0], "mean": [31.35333333333334, 39.76666666666667, 51.35333333333333, 47.44666666666667, 54.83333333333334, 56.58, 59.39999999999999, 68.90666666666667, 77.30666666666667, 95.84666666666668, 125.13333333333333, 191.81999999999996, 276.4066666666667, 353.24, 362.65333333333336, 388.6733333333333, 386.11333333333334, 365.76, 390.58, 404.66, 404.0933333333333, 427.68000000000006, 417.13333333333327, 438.1933333333334, 440.79999999999995, 459.95333333333326, 462.6533333333333, 477.6, 471.83333333333337, 475.1466666666667], "total_evals": 1500, "total_time": 47.79584264755249}, "reward_hebbian": {"best": [64.66666666666667, 95.0, 77.33333333333333, 99.0, 105.33333333333333, 100.66666666666667, 104.0, 137.0, 141.0, 180.66666666666666, 260.3333333333333, 228.33333333333334, 298.0, 247.0, 255.66666666666666, 333.0, 375.6666666666667, 378.0, 345.6666666666667, 396.6666666666667, 427.3333333333333, 387.6666666666667, 393.0, 405.3333333333333, 396.3333333333333, 442.3333333333333, 472.0, 476.3333333333333, 500.0, 479.3333333333333], "mean": [23.866666666666664, 28.779999999999994, 31.94, 35.666666666666664, 39.946666666666665, 47.37333333333334, 49.99333333333333, 68.24, 75.47333333333333, 91.62666666666667, 98.99333333333333, 111.67333333333332, 128.88666666666668, 131.22666666666666, 130.46, 151.5533333333333, 163.16666666666669, 181.46, 193.8266666666667, 193.28666666666663, 231.07333333333335, 228.7733333333333, 230.56666666666663, 229.86, 262.81333333333333, 269.7266666666667, 330.48, 321.68666666666667, 347.4533333333334, 330.47333333333336], "total_evals": 1500, "total_time": 27.42824101448059}}