{
  "method": "CMA-ES",
  "best_ever": -43.31048162209804,
  "final_mean": -118.27301478913355,
  "final_std": 1.4210854715202004e-14,
  "total_evals": 2025,
  "generations": 15,
  "n_params": 