generation,best_fitness,best_ever,mean_fitness,std_fitness,sigma,total_evals,elapsed
1,-104.42826022901151,-104.42826022901151,-417.6062919547648,178.83678498227343,0.49844101359662674,135,0.5
2,-142.0728718179377,-104.42826022901151,-468.9031831953274,241.25184394570869,0.4969456159699998,270,0.9
3,-5.690633925841051,-5.690633925841051,-369.96267799444394,192.22167204084923,0.4954967357751005,405,1.4
4,-90.87164038559355,-5.690633925841051,-384.6807332850202,181.77396826872595,0.4940839963761791,540,1.8
