{
  "meta_plasticity": {
    "method": "Meta-Plasticity Evo+FF",
    "best_ever": -39.76153915509984,
    "final_mean": -113.02437877361606,
    "final_std": 77.26474589545452,
    "total_evals": 35000,
    "time": 535.463502407074,
    "best_meta": {
      "ff_lr": [
        0.00922359572011057,
        0.0008612915710330215,
        0.06816210944932208
      ],
      "goodness_thresh": [
        3.891398997420154,
        5.51702342480631,
        0.30085401617446017
      ],
      "plasticity": [
        0.0010758883893263306,
        0.2572188064762498,
        0.23569240513662273
      ],
      "activation_mix": 0.025088174818614514
    }
  },
  "neuromod": {
    "method": "Neuromodulated Evo+FF",
    "best_ever": 80.01949380401395,
    "final_mean": -77.51518605244003,
    "final_std": 68.59332384063855,
    "total_evals": 25200,
    "time": 428.6992325782776
  },
  "ppo": {
    "method": "PPO",
    "best_ever": -54.520887604325026,
    "final_mean": -650.7025530885705,
    "final_std": 122.69822231890984,
    "total_evals": 600,
    "time": 179.68552660942078
  },
  "ff_only": {
    "method": "FF Only",
    "best_ever": -89.2657337982974,
    "final_mean": -139.0993119398697,
    "final_std": 37.98161596766886,
    "total_evals": 3000,
    "time": 40.7293815612793
  }
}